﻿<DataObject comparison="Ordinal">
  <Section id="">
    <Subsections>
      <Section id="General">
        <Subsections />
        <Entries>
          <Entry key="ElapsedTime">
            <double>32.332180199999996</double>
          </Entry>
          <Entry key="StartedAt">
            <dateTime>2017-10-16T07:09:20.5149242-06:00</dateTime>
          </Entry>
          <Entry key="EndedAt">
            <dateTime>2017-10-16T07:09:52.8471044-06:00</dateTime>
          </Entry>
          <Entry key="ReplayStatus">
            <LastReplayRunStatus>Passed</LastReplayRunStatus>
          </Entry>
          <Entry key="NumberOfReplayErrors">
            <int>0</int>
          </Entry>
          <Entry key="NumberOfReplayCriticalErrors">
            <int>0</int>
          </Entry>
          <Entry key="NumberOfCompilationErrors">
            <int>0</int>
          </Entry>
        </Entries>
      </Section>
    </Subsections>
    <Entries>
      <Entry key="Iterations">
        <int>5</int>
      </Entry>
    </Entries>
  </Section>
</DataObject>