﻿<DataObject comparison="Ordinal">
  <Section id="">
    <Subsections>
      <Section id="General">
        <Subsections />
        <Entries>
          <Entry key="ElapsedTime">
            <double>35.497179599999996</double>
          </Entry>
          <Entry key="StartedAt">
            <dateTime>2017-10-16T07:03:57.267453-06:00</dateTime>
          </Entry>
          <Entry key="EndedAt">
            <dateTime>2017-10-16T07:04:32.7646326-06:00</dateTime>
          </Entry>
          <Entry key="ReplayStatus">
            <LastReplayRunStatus>Passed</LastReplayRunStatus>
          </Entry>
          <Entry key="NumberOfReplayErrors">
            <int>0</int>
          </Entry>
          <Entry key="NumberOfReplayCriticalErrors">
            <int>0</int>
          </Entry>
          <Entry key="NumberOfCompilationErrors">
            <int>0</int>
          </Entry>
        </Entries>
      </Section>
    </Subsections>
    <Entries>
      <Entry key="Iterations">
        <int>5</int>
      </Entry>
    </Entries>
  </Section>
</DataObject>